,precision,recall,f1-score,support
Comum,1.0,0.9704142011834319,0.984984984984985,169.0
Lendário,0.6875,1.0,0.8148148148148148,11.0
accuracy,0.9722222222222222,0.9722222222222222,0.9722222222222222,0.9722222222222222
macro avg,0.84375,0.985207100591716,0.8998998998998999,180.0
weighted avg,0.9809027777777778,0.9722222222222222,0.9745856968079191,180.0
